<?xml version="1.0" encoding="utf-8" ?><dwsync><file name="glyphicons-halflings-regular.eot" server="198.238.33.26/psp_web_update/" local="3520003612" remote="3522178517" Dst="-1" /><file name="glyphicons-halflings-regular.svg" server="198.238.33.26/psp_web_update/" local="3520003612" remote="3522178520" Dst="-1" /><file name="glyphicons-halflings-regular.ttf" server="198.238.33.26/psp_web_update/" local="3520003612" remote="3522178520" Dst="-1" /><file name="glyphicons-halflings-regular.woff" server="198.238.33.26/psp_web_update/" local="3520003612" remote="3522178521" Dst="-1" /><file name="glyphicons-halflings-regular.woff2" server="198.238.33.26/psp_web_update/" local="3520003612" remote="3522178521" Dst="-1" /><file name="glyphicons-halflings-regular.eot" server="Macintosh HD/Applications/MAMP/htdocs/" local="3520003612" remote="3520003612" Dst="-1" /><file name="glyphicons-halflings-regular.svg" server="Macintosh HD/Applications/MAMP/htdocs/" local="3520003612" remote="3520003612" Dst="-1" /><file name="glyphicons-halflings-regular.ttf" server="Macintosh HD/Applications/MAMP/htdocs/" local="3520003612" remote="3520003612" Dst="-1" /><file name="glyphicons-halflings-regular.woff" server="Macintosh HD/Applications/MAMP/htdocs/" local="3520003612" remote="3520003612" Dst="-1" /><file name="glyphicons-halflings-regular.woff2" server="Macintosh HD/Applications/MAMP/htdocs/" local="3520003612" remote="3520003612" Dst="-1" /></dwsync>