<?xml version="1.0" encoding="utf-8" ?><dwsync><file name="modal-inc.html" server="Macintosh HD/Applications/MAMP/htdocs/" local="3527092116" remote="3527092116" Dst="-1" /><file name="modal-inc.html" server="198.238.33.26/psp_web_update/" local="3527267895" remote="3527267654" Dst="-1" /><file name="footer-inc.html" server="198.238.33.26/psp_web_update/" local="3527093658" remote="3527093412" Dst="-1" /><file name="board_contact.html" server="Macintosh HD/Applications/MAMP/htdocs/" local="3488224916" remote="3488224916" Dst="-1" /><file name="boards_eb_links.html" server="Macintosh HD/Applications/MAMP/htdocs/" local="3524576464" remote="3524576464" Dst="-1" /><file name="boards_lc_links.html" server="Macintosh HD/Applications/MAMP/htdocs/" local="3502717082" remote="3502717082" Dst="-1" /><file name="boards_sp_links.html" server="Macintosh HD/Applications/MAMP/htdocs/" local="3502667295" remote="3502667295" Dst="-1" /><file name="footer-inc.html" server="Macintosh HD/Applications/MAMP/htdocs/" local="3527093658" remote="3527093658" Dst="-1" /><file name="board_contact.html" server="198.238.33.26/psp_web_update/" local="3488224916" remote="3527194835" Dst="-1" /><file name="boards_eb_links.html" server="198.238.33.26/psp_web_update/" local="3524576464" remote="3527194835" Dst="-1" /><file name="boards_lc_links.html" server="198.238.33.26/psp_web_update/" local="3502717082" remote="3527194835" Dst="-1" /><file name="boards_sp_links.html" server="198.238.33.26/psp_web_update/" local="3502667295" remote="3527194835" Dst="-1" /></dwsync>